Goal,Target,Indicator,SeriesCode,SeriesDescription,GeoAreaCode,GeoAreaName,TimePeriod,Value,Time_Detail,TimeCoverage,UpperBound,LowerBound,BasePeriod,Source,GeoInfoUrl,FootNote,[Education level],[Nature],[Reporting Type],[Sex],[Units]
"4","4.c","4.c.1","SE_TRA_GRDL","Proportion of teachers with the minimum required qualifications, by education level and sex (%)","218","Ecuador","2000","83.64246","2000","","","","","UNESCO Institute for Statistics.  Data extracted on 21 February 2024.","","","UPPSEC","E","G","MALE","PERCENT"
"4","4.c","4.c.1","SE_TRA_GRDL","Proportion of teachers with the minimum required qualifications, by education level and sex (%)","218","Ecuador","2000","86.61847","2000","","","","","UNESCO Institute for Statistics.  Data extracted on 21 February 2024.","","","UPPSEC","E","G","BOTHSEX","PERCENT"
"4","4.c","4.c.1","SE_TRA_GRDL","Proportion of teachers with the minimum required qualifications, by education level and sex (%)","218","Ecuador","2000","82.76514","2000","","","","","UNESCO Institute for Statistics.  Data extracted on 21 February 2024.","","","SECOND","E","G","MALE","PERCENT"
"4","4.c","4.c.1","SE_TRA_GRDL","Proportion of teachers with the minimum required qualifications, by education level and sex (%)","218","Ecuador","2000","86.97364","2000","","","","","UNESCO Institute for Statistics.  Data extracted on 21 February 2024.","","","PRIMAR","C","G","BOTHSEX","PERCENT"
"4","4.c","4.c.1","SE_TRA_GRDL","Proportion of teachers with the minimum required qualifications, by education level and sex (%)","218","Ecuador","2000","86.47035","2000","","","","","UNESCO Institute for Statistics.  Data extracted on 21 February 2024.","","","PRIMAR","C","G","MALE","PERCENT"
"4","4.c","4.c.1","SE_TRA_GRDL","Proportion of teachers with the minimum required qualifications, by education level and sex (%)","218","Ecuador","2000","85.1657","2000","","","","","UNESCO Institute for Statistics.  Data extracted on 21 February 2024.","","","PREPRI","C","G","FEMALE","PERCENT"
"4","4.c","4.c.1","SE_TRA_GRDL","Proportion of teachers with the minimum required qualifications, by education level and sex (%)","218","Ecuador","2000","85.77932","2000","","","","","UNESCO Institute for Statistics.  Data extracted on 21 February 2024.","","","SECOND","E","G","FEMALE","PERCENT"
"4","4.c","4.c.1","SE_TRA_GRDL","Proportion of teachers with the minimum required qualifications, by education level and sex (%)","218","Ecuador","2000","73.09613","2000","","","","","UNESCO Institute for Statistics.  Data extracted on 21 February 2024.","","","PREPRI","C","G","MALE","PERCENT"
"4","4.c","4.c.1","SE_TRA_GRDL","Proportion of teachers with the minimum required qualifications, by education level and sex (%)","218","Ecuador","2000","82.11666","2000","","","","","UNESCO Institute for Statistics.  Data extracted on 21 February 2024.","","","LOWSEC","E","G","MALE","PERCENT"
"4","4.c","4.c.1","SE_TRA_GRDL","Proportion of teachers with the minimum required qualifications, by education level and sex (%)","218","Ecuador","2000","87.21437","2000","","","","","UNESCO Institute for Statistics.  Data extracted on 21 February 2024.","","","PRIMAR","C","G","FEMALE","PERCENT"
"4","4.c","4.c.1","SE_TRA_GRDL","Proportion of teachers with the minimum required qualifications, by education level and sex (%)","218","Ecuador","2000","83.67927","2000","","","","","UNESCO Institute for Statistics.  Data extracted on 21 February 2024.","","","PREPRI","C","G","BOTHSEX","PERCENT"
"4","4.c","4.c.1","SE_TRA_GRDL","Proportion of teachers with the minimum required qualifications, by education level and sex (%)","218","Ecuador","2000","89.81407","2000","","","","","UNESCO Institute for Statistics.  Data extracted on 21 February 2024.","","","UPPSEC","E","G","FEMALE","PERCENT"
"4","4.c","4.c.1","SE_TRA_GRDL","Proportion of teachers with the minimum required qualifications, by education level and sex (%)","218","Ecuador","2000","84.24528","2000","","","","","UNESCO Institute for Statistics.  Data extracted on 21 February 2024.","","","SECOND","E","G","BOTHSEX","PERCENT"
"4","4.c","4.c.1","SE_TRA_GRDL","Proportion of teachers with the minimum required qualifications, by education level and sex (%)","218","Ecuador","2000","82.54259","2000","","","","","UNESCO Institute for Statistics.  Data extracted on 21 February 2024.","","","LOWSEC","E","G","BOTHSEX","PERCENT"
"4","4.c","4.c.1","SE_TRA_GRDL","Proportion of teachers with the minimum required qualifications, by education level and sex (%)","218","Ecuador","2000","82.97296","2000","","","","","UNESCO Institute for Statistics.  Data extracted on 21 February 2024.","","","LOWSEC","E","G","FEMALE","PERCENT"
"4","4.c","4.c.1","SE_TRA_GRDL","Proportion of teachers with the minimum required qualifications, by education level and sex (%)","218","Ecuador","2001","86.75093","2001","","","","","UNESCO Institute for Statistics.  Data extracted on 21 February 2024.","","","PRIMAR","C","G","MALE","PERCENT"
"4","4.c","4.c.1","SE_TRA_GRDL","Proportion of teachers with the minimum required qualifications, by education level and sex (%)","218","Ecuador","2001","86.92749","2001","","","","","UNESCO Institute for Statistics.  Data extracted on 21 February 2024.","","","PRIMAR","C","G","BOTHSEX","PERCENT"
"4","4.c","4.c.1","SE_TRA_GRDL","Proportion of teachers with the minimum required qualifications, by education level and sex (%)","218","Ecuador","2001","85.30074","2001","","","","","UNESCO Institute for Statistics.  Data extracted on 21 February 2024.","","","SECOND","E","G","MALE","PERCENT"
"4","4.c","4.c.1","SE_TRA_GRDL","Proportion of teachers with the minimum required qualifications, by education level and sex (%)","218","Ecuador","2001","83.55507","2001","","","","","UNESCO Institute for Statistics.  Data extracted on 21 February 2024.","","","PREPRI","C","G","BOTHSEX","PERCENT"
"4","4.c","4.c.1","SE_TRA_GRDL","Proportion of teachers with the minimum required qualifications, by education level and sex (%)","218","Ecuador","2001","87.011","2001","","","","","UNESCO Institute for Statistics.  Data extracted on 21 February 2024.","","","PRIMAR","C","G","FEMALE","PERCENT"
"4","4.c","4.c.1","SE_TRA_GRDL","Proportion of teachers with the minimum required qualifications, by education level and sex (%)","218","Ecuador","2001","82.20947","2001","","","","","UNESCO Institute for Statistics.  Data extracted on 21 February 2024.","","","LOWSEC","E","G","MALE","PERCENT"
"4","4.c","4.c.1","SE_TRA_GRDL","Proportion of teachers with the minimum required qualifications, by education level and sex (%)","218","Ecuador","2001","74.28088","2001","","","","","UNESCO Institute for Statistics.  Data extracted on 21 February 2024.","","","PREPRI","C","G","MALE","PERCENT"
"4","4.c","4.c.1","SE_TRA_GRDL","Proportion of teachers with the minimum required qualifications, by education level and sex (%)","218","Ecuador","2001","87.33833","2001","","","","","UNESCO Institute for Statistics.  Data extracted on 21 February 2024.","","","SECOND","E","G","FEMALE","PERCENT"
"4","4.c","4.c.1","SE_TRA_GRDL","Proportion of teachers with the minimum required qualifications, by education level and sex (%)","218","Ecuador","2001","84.92739","2001","","","","","UNESCO Institute for Statistics.  Data extracted on 21 February 2024.","","","PREPRI","C","G","FEMALE","PERCENT"
"4","4.c","4.c.1","SE_TRA_GRDL","Proportion of teachers with the minimum required qualifications, by education level and sex (%)","218","Ecuador","2001","91.41098","2001","","","","","UNESCO Institute for Statistics.  Data extracted on 21 February 2024.","","","UPPSEC","E","G","BOTHSEX","PERCENT"
"4","4.c","4.c.1","SE_TRA_GRDL","Proportion of teachers with the minimum required qualifications, by education level and sex (%)","218","Ecuador","2001","89.49879","2001","","","","","UNESCO Institute for Statistics.  Data extracted on 21 February 2024.","","","UPPSEC","E","G","MALE","PERCENT"
"4","4.c","4.c.1","SE_TRA_GRDL","Proportion of teachers with the minimum required qualifications, by education level and sex (%)","218","Ecuador","2001","83.09338","2001","","","","","UNESCO Institute for Statistics.  Data extracted on 21 February 2024.","","","LOWSEC","E","G","FEMALE","PERCENT"
"4","4.c","4.c.1","SE_TRA_GRDL","Proportion of teachers with the minimum required qualifications, by education level and sex (%)","218","Ecuador","2001","82.64913","2001","","","","","UNESCO Institute for Statistics.  Data extracted on 21 February 2024.","","","LOWSEC","E","G","BOTHSEX","PERCENT"
"4","4.c","4.c.1","SE_TRA_GRDL","Proportion of teachers with the minimum required qualifications, by education level and sex (%)","218","Ecuador","2001","86.30135","2001","","","","","UNESCO Institute for Statistics.  Data extracted on 21 February 2024.","","","SECOND","E","G","BOTHSEX","PERCENT"
"4","4.c","4.c.1","SE_TRA_GRDL","Proportion of teachers with the minimum required qualifications, by education level and sex (%)","218","Ecuador","2001","93.46415","2001","","","","","UNESCO Institute for Statistics.  Data extracted on 21 February 2024.","","","UPPSEC","E","G","FEMALE","PERCENT"
"4","4.c","4.c.1","SE_TRA_GRDL","Proportion of teachers with the minimum required qualifications, by education level and sex (%)","218","Ecuador","2002","70.72741","2002","","","","","UNESCO Institute for Statistics.  Data extracted on 21 February 2024.","","","PREPRI","C","G","FEMALE","PERCENT"
"4","4.c","4.c.1","SE_TRA_GRDL","Proportion of teachers with the minimum required qualifications, by education level and sex (%)","218","Ecuador","2002","58.39942","2002","","","","","UNESCO Institute for Statistics.  Data extracted on 21 February 2024.","","","PREPRI","C","G","MALE","PERCENT"
"4","4.c","4.c.1","SE_TRA_GRDL","Proportion of teachers with the minimum required qualifications, by education level and sex (%)","218","Ecuador","2002","67.69205","2002","","","","","UNESCO Institute for Statistics.  Data extracted on 21 February 2024.","","","LOWSEC","C","G","BOTHSEX","PERCENT"
"4","4.c","4.c.1","SE_TRA_GRDL","Proportion of teachers with the minimum required qualifications, by education level and sex (%)","218","Ecuador","2002","74.05011","2002","","","","","UNESCO Institute for Statistics.  Data extracted on 21 February 2024.","","","LOWSEC","C","G","FEMALE","PERCENT"
"4","4.c","4.c.1","SE_TRA_GRDL","Proportion of teachers with the minimum required qualifications, by education level and sex (%)","218","Ecuador","2002","60.32961","2002","","","","","UNESCO Institute for Statistics.  Data extracted on 21 February 2024.","","","UPPSEC","C","G","MALE","PERCENT"
"4","4.c","4.c.1","SE_TRA_GRDL","Proportion of teachers with the minimum required qualifications, by education level and sex (%)","218","Ecuador","2002","66.91386","2002","","","","","UNESCO Institute for Statistics.  Data extracted on 21 February 2024.","","","UPPSEC","C","G","BOTHSEX","PERCENT"
"4","4.c","4.c.1","SE_TRA_GRDL","Proportion of teachers with the minimum required qualifications, by education level and sex (%)","218","Ecuador","2002","60.94807","2002","","","","","UNESCO Institute for Statistics.  Data extracted on 21 February 2024.","","","SECOND","C","G","MALE","PERCENT"
"4","4.c","4.c.1","SE_TRA_GRDL","Proportion of teachers with the minimum required qualifications, by education level and sex (%)","218","Ecuador","2002","68.59826","2002","","","","","UNESCO Institute for Statistics.  Data extracted on 21 February 2024.","","","PRIMAR","C","G","BOTHSEX","PERCENT"
"4","4.c","4.c.1","SE_TRA_GRDL","Proportion of teachers with the minimum required qualifications, by education level and sex (%)","218","Ecuador","2002","69.00056","2002","","","","","UNESCO Institute for Statistics.  Data extracted on 21 February 2024.","","","PRIMAR","C","G","MALE","PERCENT"
"4","4.c","4.c.1","SE_TRA_GRDL","Proportion of teachers with the minimum required qualifications, by education level and sex (%)","218","Ecuador","2002","74.023","2002","","","","","UNESCO Institute for Statistics.  Data extracted on 21 February 2024.","","","SECOND","C","G","FEMALE","PERCENT"
"4","4.c","4.c.1","SE_TRA_GRDL","Proportion of teachers with the minimum required qualifications, by education level and sex (%)","218","Ecuador","2002","61.3999","2002","","","","","UNESCO Institute for Statistics.  Data extracted on 21 February 2024.","","","LOWSEC","C","G","MALE","PERCENT"
"4","4.c","4.c.1","SE_TRA_GRDL","Proportion of teachers with the minimum required qualifications, by education level and sex (%)","218","Ecuador","2002","68.4188","2002","","","","","UNESCO Institute for Statistics.  Data extracted on 21 February 2024.","","","PRIMAR","C","G","FEMALE","PERCENT"
"4","4.c","4.c.1","SE_TRA_GRDL","Proportion of teachers with the minimum required qualifications, by education level and sex (%)","218","Ecuador","2002","69.25527","2002","","","","","UNESCO Institute for Statistics.  Data extracted on 21 February 2024.","","","PREPRI","C","G","BOTHSEX","PERCENT"
"4","4.c","4.c.1","SE_TRA_GRDL","Proportion of teachers with the minimum required qualifications, by education level and sex (%)","218","Ecuador","2002","73.98357","2002","","","","","UNESCO Institute for Statistics.  Data extracted on 21 February 2024.","","","UPPSEC","C","G","FEMALE","PERCENT"
"4","4.c","4.c.1","SE_TRA_GRDL","Proportion of teachers with the minimum required qualifications, by education level and sex (%)","218","Ecuador","2002","67.36916","2002","","","","","UNESCO Institute for Statistics.  Data extracted on 21 February 2024.","","","SECOND","C","G","BOTHSEX","PERCENT"
"4","4.c","4.c.1","SE_TRA_GRDL","Proportion of teachers with the minimum required qualifications, by education level and sex (%)","218","Ecuador","2003","70.0846","2003","","","","","UNESCO Institute for Statistics.  Data extracted on 21 February 2024.","","","PRIMAR","C","G","MALE","PERCENT"
"4","4.c","4.c.1","SE_TRA_GRDL","Proportion of teachers with the minimum required qualifications, by education level and sex (%)","218","Ecuador","2003","70.07669","2003","","","","","UNESCO Institute for Statistics.  Data extracted on 21 February 2024.","","","SECOND","E","G","BOTHSEX","PERCENT"
"4","4.c","4.c.1","SE_TRA_GRDL","Proportion of teachers with the minimum required qualifications, by education level and sex (%)","218","Ecuador","2003","76.03125","2003","","","","","UNESCO Institute for Statistics.  Data extracted on 21 February 2024.","","","UPPSEC","E","G","FEMALE","PERCENT"
"4","4.c","4.c.1","SE_TRA_GRDL","Proportion of teachers with the minimum required qualifications, by education level and sex (%)","218","Ecuador","2003","70.72262","2003","","","","","UNESCO Institute for Statistics.  Data extracted on 21 February 2024.","","","PREPRI","C","G","BOTHSEX","PERCENT"
"4","4.c","4.c.1","SE_TRA_GRDL","Proportion of teachers with the minimum required qualifications, by education level and sex (%)","218","Ecuador","2003","69.83318","2003","","","","","UNESCO Institute for Statistics.  Data extracted on 21 February 2024.","","","PRIMAR","C","G","FEMALE","PERCENT"
"4","4.c","4.c.1","SE_TRA_GRDL","Proportion of teachers with the minimum required qualifications, by education level and sex (%)","218","Ecuador","2003","64.67854","2003","","","","","UNESCO Institute for Statistics.  Data extracted on 21 February 2024.","","","LOWSEC","E","G","MALE","PERCENT"
"4","4.c","4.c.1","SE_TRA_GRDL","Proportion of teachers with the minimum required qualifications, by education level and sex (%)","218","Ecuador","2003","76.22291","2003","","","","","UNESCO Institute for Statistics.  Data extracted on 21 February 2024.","","","SECOND","E","G","FEMALE","PERCENT"
"4","4.c","4.c.1","SE_TRA_GRDL","Proportion of teachers with the minimum required qualifications, by education level and sex (%)","218","Ecuador","2003","60.21011","2003","","","","","UNESCO Institute for Statistics.  Data extracted on 21 February 2024.","","","PREPRI","C","G","MALE","PERCENT"
"4","4.c","4.c.1","SE_TRA_GRDL","Proportion of teachers with the minimum required qualifications, by education level and sex (%)","218","Ecuador","2003","72.2022","2003","","","","","UNESCO Institute for Statistics.  Data extracted on 21 February 2024.","","","PREPRI","C","G","FEMALE","PERCENT"
"4","4.c","4.c.1","SE_TRA_GRDL","Proportion of teachers with the minimum required qualifications, by education level and sex (%)","218","Ecuador","2003","69.91019","2003","","","","","UNESCO Institute for Statistics.  Data extracted on 21 February 2024.","","","PRIMAR","C","G","BOTHSEX","PERCENT"
"4","4.c","4.c.1","SE_TRA_GRDL","Proportion of teachers with the minimum required qualifications, by education level and sex (%)","218","Ecuador","2003","64.10215","2003","","","","","UNESCO Institute for Statistics.  Data extracted on 21 February 2024.","","","SECOND","E","G","MALE","PERCENT"
"4","4.c","4.c.1","SE_TRA_GRDL","Proportion of teachers with the minimum required qualifications, by education level and sex (%)","218","Ecuador","2003","69.48311","2003","","","","","UNESCO Institute for Statistics.  Data extracted on 21 February 2024.","","","UPPSEC","E","G","BOTHSEX","PERCENT"
"4","4.c","4.c.1","SE_TRA_GRDL","Proportion of teachers with the minimum required qualifications, by education level and sex (%)","218","Ecuador","2003","63.29057","2003","","","","","UNESCO Institute for Statistics.  Data extracted on 21 February 2024.","","","UPPSEC","E","G","MALE","PERCENT"
"4","4.c","4.c.1","SE_TRA_GRDL","Proportion of teachers with the minimum required qualifications, by education level and sex (%)","218","Ecuador","2003","76.35283","2003","","","","","UNESCO Institute for Statistics.  Data extracted on 21 February 2024.","","","LOWSEC","E","G","FEMALE","PERCENT"
"4","4.c","4.c.1","SE_TRA_GRDL","Proportion of teachers with the minimum required qualifications, by education level and sex (%)","218","Ecuador","2003","70.4887","2003","","","","","UNESCO Institute for Statistics.  Data extracted on 21 February 2024.","","","LOWSEC","E","G","BOTHSEX","PERCENT"
"4","4.c","4.c.1","SE_TRA_GRDL","Proportion of teachers with the minimum required qualifications, by education level and sex (%)","218","Ecuador","2004","75.82742","2004","","","","","UNESCO Institute for Statistics.  Data extracted on 21 February 2024.","","","UPPSEC","E","G","FEMALE","PERCENT"
"4","4.c","4.c.1","SE_TRA_GRDL","Proportion of teachers with the minimum required qualifications, by education level and sex (%)","218","Ecuador","2004","69.47044","2004","","","","","UNESCO Institute for Statistics.  Data extracted on 21 February 2024.","","","SECOND","E","G","BOTHSEX","PERCENT"
"4","4.c","4.c.1","SE_TRA_GRDL","Proportion of teachers with the minimum required qualifications, by education level and sex (%)","218","Ecuador","2004","69.683","2004","","","","","UNESCO Institute for Statistics.  Data extracted on 21 February 2024.","","","LOWSEC","E","G","BOTHSEX","PERCENT"
"4","4.c","4.c.1","SE_TRA_GRDL","Proportion of teachers with the minimum required qualifications, by education level and sex (%)","218","Ecuador","2004","75.73184","2004","","","","","UNESCO Institute for Statistics.  Data extracted on 21 February 2024.","","","LOWSEC","E","G","FEMALE","PERCENT"
"4","4.c","4.c.1","SE_TRA_GRDL","Proportion of teachers with the minimum required qualifications, by education level and sex (%)","218","Ecuador","2004","62.93439","2004","","","","","UNESCO Institute for Statistics.  Data extracted on 21 February 2024.","","","UPPSEC","E","G","MALE","PERCENT"
"4","4.c","4.c.1","SE_TRA_GRDL","Proportion of teachers with the minimum required qualifications, by education level and sex (%)","218","Ecuador","2004","69.16872","2004","","","","","UNESCO Institute for Statistics.  Data extracted on 21 February 2024.","","","UPPSEC","E","G","BOTHSEX","PERCENT"
"4","4.c","4.c.1","SE_TRA_GRDL","Proportion of teachers with the minimum required qualifications, by education level and sex (%)","218","Ecuador","2004","63.34319","2004","","","","","UNESCO Institute for Statistics.  Data extracted on 21 February 2024.","","","SECOND","E","G","MALE","PERCENT"
"4","4.c","4.c.1","SE_TRA_GRDL","Proportion of teachers with the minimum required qualifications, by education level and sex (%)","218","Ecuador","2004","70.89127","2004","","","","","UNESCO Institute for Statistics.  Data extracted on 21 February 2024.","","","PRIMAR","C","G","BOTHSEX","PERCENT"
"4","4.c","4.c.1","SE_TRA_GRDL","Proportion of teachers with the minimum required qualifications, by education level and sex (%)","218","Ecuador","2004","73.39015","2004","","","","","UNESCO Institute for Statistics.  Data extracted on 21 February 2024.","","","PREPRI","C","G","FEMALE","PERCENT"
"4","4.c","4.c.1","SE_TRA_GRDL","Proportion of teachers with the minimum required qualifications, by education level and sex (%)","218","Ecuador","2004","59.55662","2004","","","","","UNESCO Institute for Statistics.  Data extracted on 21 February 2024.","","","PREPRI","C","G","MALE","PERCENT"
"4","4.c","4.c.1","SE_TRA_GRDL","Proportion of teachers with the minimum required qualifications, by education level and sex (%)","218","Ecuador","2004","75.77058","2004","","","","","UNESCO Institute for Statistics.  Data extracted on 21 February 2024.","","","SECOND","E","G","FEMALE","PERCENT"
"4","4.c","4.c.1","SE_TRA_GRDL","Proportion of teachers with the minimum required qualifications, by education level and sex (%)","218","Ecuador","2004","63.64051","2004","","","","","UNESCO Institute for Statistics.  Data extracted on 21 February 2024.","","","LOWSEC","E","G","MALE","PERCENT"
"4","4.c","4.c.1","SE_TRA_GRDL","Proportion of teachers with the minimum required qualifications, by education level and sex (%)","218","Ecuador","2004","70.93803","2004","","","","","UNESCO Institute for Statistics.  Data extracted on 21 February 2024.","","","PRIMAR","C","G","FEMALE","PERCENT"
"4","4.c","4.c.1","SE_TRA_GRDL","Proportion of teachers with the minimum required qualifications, by education level and sex (%)","218","Ecuador","2004","71.65224","2004","","","","","UNESCO Institute for Statistics.  Data extracted on 21 February 2024.","","","PREPRI","C","G","BOTHSEX","PERCENT"
"4","4.c","4.c.1","SE_TRA_GRDL","Proportion of teachers with the minimum required qualifications, by education level and sex (%)","218","Ecuador","2004","70.7838","2004","","","","","UNESCO Institute for Statistics.  Data extracted on 21 February 2024.","","","PRIMAR","C","G","MALE","PERCENT"
"4","4.c","4.c.1","SE_TRA_GRDL","Proportion of teachers with the minimum required qualifications, by education level and sex (%)","218","Ecuador","2005","76.25431","2005","","","","","UNESCO Institute for Statistics.  Data extracted on 21 February 2024.","","","LOWSEC","E","G","FEMALE","PERCENT"
"4","4.c","4.c.1","SE_TRA_GRDL","Proportion of teachers with the minimum required qualifications, by education level and sex (%)","218","Ecuador","2005","69.95354","2005","","","","","UNESCO Institute for Statistics.  Data extracted on 21 February 2024.","","","LOWSEC","E","G","BOTHSEX","PERCENT"
"4","4.c","4.c.1","SE_TRA_GRDL","Proportion of teachers with the minimum required qualifications, by education level and sex (%)","218","Ecuador","2005","69.8586","2005","","","","","UNESCO Institute for Statistics.  Data extracted on 21 February 2024.","","","SECOND","E","G","BOTHSEX","PERCENT"
"4","4.c","4.c.1","SE_TRA_GRDL","Proportion of teachers with the minimum required qualifications, by education level and sex (%)","218","Ecuador","2005","76.00402","2005","","","","","UNESCO Institute for Statistics.  Data extracted on 21 February 2024.","","","UPPSEC","E","G","FEMALE","PERCENT"
"4","4.c","4.c.1","SE_TRA_GRDL","Proportion of teachers with the minimum required qualifications, by education level and sex (%)","218","Ecuador","2005","71.9444","2005","","","","","UNESCO Institute for Statistics.  Data extracted on 21 February 2024.","","","PREPRI","C","G","BOTHSEX","PERCENT"
"4","4.c","4.c.1","SE_TRA_GRDL","Proportion of teachers with the minimum required qualifications, by education level and sex (%)","218","Ecuador","2005","71.21344","2005","","","","","UNESCO Institute for Statistics.  Data extracted on 21 February 2024.","","","PRIMAR","C","G","FEMALE","PERCENT"
"4","4.c","4.c.1","SE_TRA_GRDL","Proportion of teachers with the minimum required qualifications, by education level and sex (%)","218","Ecuador","2005","63.79718","2005","","","","","UNESCO Institute for Statistics.  Data extracted on 21 February 2024.","","","LOWSEC","E","G","MALE","PERCENT"
"4","4.c","4.c.1","SE_TRA_GRDL","Proportion of teachers with the minimum required qualifications, by education level and sex (%)","218","Ecuador","2005","76.14772","2005","","","","","UNESCO Institute for Statistics.  Data extracted on 21 February 2024.","","","SECOND","E","G","FEMALE","PERCENT"
"4","4.c","4.c.1","SE_TRA_GRDL","Proportion of teachers with the minimum required qualifications, by education level and sex (%)","218","Ecuador","2005","70.6864","2005","","","","","UNESCO Institute for Statistics.  Data extracted on 21 February 2024.","","","PRIMAR","C","G","MALE","PERCENT"
"4","4.c","4.c.1","SE_TRA_GRDL","Proportion of teachers with the minimum required qualifications, by education level and sex (%)","218","Ecuador","2005","71.05345","2005","","","","","UNESCO Institute for Statistics.  Data extracted on 21 February 2024.","","","PRIMAR","C","G","BOTHSEX","PERCENT"
"4","4.c","4.c.1","SE_TRA_GRDL","Proportion of teachers with the minimum required qualifications, by education level and sex (%)","218","Ecuador","2005","63.71702","2005","","","","","UNESCO Institute for Statistics.  Data extracted on 21 February 2024.","","","SECOND","E","G","MALE","PERCENT"
"4","4.c","4.c.1","SE_TRA_GRDL","Proportion of teachers with the minimum required qualifications, by education level and sex (%)","218","Ecuador","2005","69.73068","2005","","","","","UNESCO Institute for Statistics.  Data extracted on 21 February 2024.","","","UPPSEC","E","G","BOTHSEX","PERCENT"
"4","4.c","4.c.1","SE_TRA_GRDL","Proportion of teachers with the minimum required qualifications, by education level and sex (%)","218","Ecuador","2005","63.60909","2005","","","","","UNESCO Institute for Statistics.  Data extracted on 21 February 2024.","","","UPPSEC","E","G","MALE","PERCENT"
"4","4.c","4.c.1","SE_TRA_GRDL","Proportion of teachers with the minimum required qualifications, by education level and sex (%)","218","Ecuador","2005","59.16526","2005","","","","","UNESCO Institute for Statistics.  Data extracted on 21 February 2024.","","","PREPRI","C","G","MALE","PERCENT"
"4","4.c","4.c.1","SE_TRA_GRDL","Proportion of teachers with the minimum required qualifications, by education level and sex (%)","218","Ecuador","2005","73.86047","2005","","","","","UNESCO Institute for Statistics.  Data extracted on 21 February 2024.","","","PREPRI","C","G","FEMALE","PERCENT"
"4","4.c","4.c.1","SE_TRA_GRDL","Proportion of teachers with the minimum required qualifications, by education level and sex (%)","218","Ecuador","2006","71.3124","2006","","","","","UNESCO Institute for Statistics.  Data extracted on 21 February 2024.","","","PRIMAR","C","G","FEMALE","PERCENT"
"4","4.c","4.c.1","SE_TRA_GRDL","Proportion of teachers with the minimum required qualifications, by education level and sex (%)","218","Ecuador","2006","73.497","2006","","","","","UNESCO Institute for Statistics.  Data extracted on 21 February 2024.","","","PREPRI","C","G","BOTHSEX","PERCENT"
"4","4.c","4.c.1","SE_TRA_GRDL","Proportion of teachers with the minimum required qualifications, by education level and sex (%)","218","Ecuador","2006","76.47676","2006","","","","","UNESCO Institute for Statistics.  Data extracted on 21 February 2024.","","","UPPSEC","E","G","FEMALE","PERCENT"
"4","4.c","4.c.1","SE_TRA_GRDL","Proportion of teachers with the minimum required qualifications, by education level and sex (%)","218","Ecuador","2006","70.24357","2006","","","","","UNESCO Institute for Statistics.  Data extracted on 21 February 2024.","","","SECOND","E","G","BOTHSEX","PERCENT"
"4","4.c","4.c.1","SE_TRA_GRDL","Proportion of teachers with the minimum required qualifications, by education level and sex (%)","218","Ecuador","2006","70.33383","2006","","","","","UNESCO Institute for Statistics.  Data extracted on 21 February 2024.","","","LOWSEC","E","G","BOTHSEX","PERCENT"
"4","4.c","4.c.1","SE_TRA_GRDL","Proportion of teachers with the minimum required qualifications, by education level and sex (%)","218","Ecuador","2006","76.75324","2006","","","","","UNESCO Institute for Statistics.  Data extracted on 21 February 2024.","","","LOWSEC","E","G","FEMALE","PERCENT"
"4","4.c","4.c.1","SE_TRA_GRDL","Proportion of teachers with the minimum required qualifications, by education level and sex (%)","218","Ecuador","2006","63.89057","2006","","","","","UNESCO Institute for Statistics.  Data extracted on 21 February 2024.","","","UPPSEC","E","G","MALE","PERCENT"
"4","4.c","4.c.1","SE_TRA_GRDL","Proportion of teachers with the minimum required qualifications, by education level and sex (%)","218","Ecuador","2006","70.12193","2006","","","","","UNESCO Institute for Statistics.  Data extracted on 21 February 2024.","","","UPPSEC","E","G","BOTHSEX","PERCENT"
"4","4.c","4.c.1","SE_TRA_GRDL","Proportion of teachers with the minimum required qualifications, by education level and sex (%)","218","Ecuador","2006","76.63546","2006","","","","","UNESCO Institute for Statistics.  Data extracted on 21 February 2024.","","","SECOND","E","G","FEMALE","PERCENT"
"4","4.c","4.c.1","SE_TRA_GRDL","Proportion of teachers with the minimum required qualifications, by education level and sex (%)","218","Ecuador","2006","64.03899","2006","","","","","UNESCO Institute for Statistics.  Data extracted on 21 February 2024.","","","LOWSEC","E","G","MALE","PERCENT"
"4","4.c","4.c.1","SE_TRA_GRDL","Proportion of teachers with the minimum required qualifications, by education level and sex (%)","218","Ecuador","2006","60.67244","2006","","","","","UNESCO Institute for Statistics.  Data extracted on 21 February 2024.","","","PREPRI","C","G","MALE","PERCENT"
"4","4.c","4.c.1","SE_TRA_GRDL","Proportion of teachers with the minimum required qualifications, by education level and sex (%)","218","Ecuador","2006","75.40561","2006","","","","","UNESCO Institute for Statistics.  Data extracted on 21 February 2024.","","","PREPRI","C","G","FEMALE","PERCENT"
"4","4.c","4.c.1","SE_TRA_GRDL","Proportion of teachers with the minimum required qualifications, by education level and sex (%)","218","Ecuador","2006","63.97576","2006","","","","","UNESCO Institute for Statistics.  Data extracted on 21 February 2024.","","","SECOND","E","G","MALE","PERCENT"
"4","4.c","4.c.1","SE_TRA_GRDL","Proportion of teachers with the minimum required qualifications, by education level and sex (%)","218","Ecuador","2006","71.0565","2006","","","","","UNESCO Institute for Statistics.  Data extracted on 21 February 2024.","","","PRIMAR","C","G","BOTHSEX","PERCENT"
"4","4.c","4.c.1","SE_TRA_GRDL","Proportion of teachers with the minimum required qualifications, by education level and sex (%)","218","Ecuador","2006","70.46443","2006","","","","","UNESCO Institute for Statistics.  Data extracted on 21 February 2024.","","","PRIMAR","C","G","MALE","PERCENT"
"4","4.c","4.c.1","SE_TRA_GRDL","Proportion of teachers with the minimum required qualifications, by education level and sex (%)","218","Ecuador","2007","70.40581","2007","","","","","UNESCO Institute for Statistics.  Data extracted on 21 February 2024.","","","UPPSEC","C","G","BOTHSEX","PERCENT"
"4","4.c","4.c.1","SE_TRA_GRDL","Proportion of teachers with the minimum required qualifications, by education level and sex (%)","218","Ecuador","2007","64.27506","2007","","","","","UNESCO Institute for Statistics.  Data extracted on 21 February 2024.","","","UPPSEC","C","G","MALE","PERCENT"
"4","4.c","4.c.1","SE_TRA_GRDL","Proportion of teachers with the minimum required qualifications, by education level and sex (%)","218","Ecuador","2007","76.82597","2007","","","","","UNESCO Institute for Statistics.  Data extracted on 21 February 2024.","","","LOWSEC","C","G","FEMALE","PERCENT"
"4","4.c","4.c.1","SE_TRA_GRDL","Proportion of teachers with the minimum required qualifications, by education level and sex (%)","218","Ecuador","2007","70.61015","2007","","","","","UNESCO Institute for Statistics.  Data extracted on 21 February 2024.","","","LOWSEC","C","G","BOTHSEX","PERCENT"
"4","4.c","4.c.1","SE_TRA_GRDL","Proportion of teachers with the minimum required qualifications, by education level and sex (%)","218","Ecuador","2007","70.52269","2007","","","","","UNESCO Institute for Statistics.  Data extracted on 21 February 2024.","","","SECOND","C","G","BOTHSEX","PERCENT"
"4","4.c","4.c.1","SE_TRA_GRDL","Proportion of teachers with the minimum required qualifications, by education level and sex (%)","218","Ecuador","2007","76.59754","2007","","","","","UNESCO Institute for Statistics.  Data extracted on 21 February 2024.","","","UPPSEC","C","G","FEMALE","PERCENT"
"4","4.c","4.c.1","SE_TRA_GRDL","Proportion of teachers with the minimum required qualifications, by education level and sex (%)","218","Ecuador","2007","74.57272","2007","","","","","UNESCO Institute for Statistics.  Data extracted on 21 February 2024.","","","PREPRI","C","G","BOTHSEX","PERCENT"
"4","4.c","4.c.1","SE_TRA_GRDL","Proportion of teachers with the minimum required qualifications, by education level and sex (%)","218","Ecuador","2007","71.89035","2007","","","","","UNESCO Institute for Statistics.  Data extracted on 21 February 2024.","","","PRIMAR","C","G","FEMALE","PERCENT"
"4","4.c","4.c.1","SE_TRA_GRDL","Proportion of teachers with the minimum required qualifications, by education level and sex (%)","218","Ecuador","2007","71.07237","2007","","","","","UNESCO Institute for Statistics.  Data extracted on 21 February 2024.","","","PRIMAR","C","G","MALE","PERCENT"
"4","4.c","4.c.1","SE_TRA_GRDL","Proportion of teachers with the minimum required qualifications, by education level and sex (%)","218","Ecuador","2007","71.64531","2007","","","","","UNESCO Institute for Statistics.  Data extracted on 21 February 2024.","","","PRIMAR","C","G","BOTHSEX","PERCENT"
"4","4.c","4.c.1","SE_TRA_GRDL","Proportion of teachers with the minimum required qualifications, by education level and sex (%)","218","Ecuador","2007","64.37551","2007","","","","","UNESCO Institute for Statistics.  Data extracted on 21 February 2024.","","","SECOND","C","G","MALE","PERCENT"
"4","4.c","4.c.1","SE_TRA_GRDL","Proportion of teachers with the minimum required qualifications, by education level and sex (%)","218","Ecuador","2007","62.09062","2007","","","","","UNESCO Institute for Statistics.  Data extracted on 21 February 2024.","","","PREPRI","C","G","MALE","PERCENT"
"4","4.c","4.c.1","SE_TRA_GRDL","Proportion of teachers with the minimum required qualifications, by education level and sex (%)","218","Ecuador","2007","76.43091","2007","","","","","UNESCO Institute for Statistics.  Data extracted on 21 February 2024.","","","PREPRI","C","G","FEMALE","PERCENT"
"4","4.c","4.c.1","SE_TRA_GRDL","Proportion of teachers with the minimum required qualifications, by education level and sex (%)","218","Ecuador","2007","64.4507","2007","","","","","UNESCO Institute for Statistics.  Data extracted on 21 February 2024.","","","LOWSEC","C","G","MALE","PERCENT"
"4","4.c","4.c.1","SE_TRA_GRDL","Proportion of teachers with the minimum required qualifications, by education level and sex (%)","218","Ecuador","2007","76.72823","2007","","","","","UNESCO Institute for Statistics.  Data extracted on 21 February 2024.","","","SECOND","C","G","FEMALE","PERCENT"
"4","4.c","4.c.1","SE_TRA_GRDL","Proportion of teachers with the minimum required qualifications, by education level and sex (%)","218","Ecuador","2019","79.55853","2019","","","","","UNESCO Institute for Statistics.  Data extracted on 21 February 2024.","","","PREPRI","C","G","MALE","PERCENT"
"4","4.c","4.c.1","SE_TRA_GRDL","Proportion of teachers with the minimum required qualifications, by education level and sex (%)","218","Ecuador","2019","89.76471","2019","","","","","UNESCO Institute for Statistics.  Data extracted on 21 February 2024.","","","PREPRI","C","G","FEMALE","PERCENT"
"4","4.c","4.c.1","SE_TRA_GRDL","Proportion of teachers with the minimum required qualifications, by education level and sex (%)","218","Ecuador","2019","89.29339","2019","","","","","UNESCO Institute for Statistics.  Data extracted on 21 February 2024.","","","PREPRI","C","G","BOTHSEX","PERCENT"
"4","4.c","4.c.1","SE_TRA_GRDL","Proportion of teachers with the minimum required qualifications, by education level and sex (%)","218","Ecuador","2019","75.54423","2019","","","","","UNESCO Institute for Statistics.  Data extracted on 21 February 2024.","","","UPPSEC","C","G","FEMALE","PERCENT"
"4","4.c","4.c.1","SE_TRA_GRDL","Proportion of teachers with the minimum required qualifications, by education level and sex (%)","218","Ecuador","2019","74.39716","2019","","","","","UNESCO Institute for Statistics.  Data extracted on 21 February 2024.","","","SECOND","C","G","BOTHSEX","PERCENT"
"4","4.c","4.c.1","SE_TRA_GRDL","Proportion of teachers with the minimum required qualifications, by education level and sex (%)","218","Ecuador","2019","77.29905","2019","","","","","UNESCO Institute for Statistics.  Data extracted on 21 February 2024.","","","LOWSEC","C","G","BOTHSEX","PERCENT"
"4","4.c","4.c.1","SE_TRA_GRDL","Proportion of teachers with the minimum required qualifications, by education level and sex (%)","218","Ecuador","2019","79.97684","2019","","","","","UNESCO Institute for Statistics.  Data extracted on 21 February 2024.","","","LOWSEC","C","G","FEMALE","PERCENT"
"4","4.c","4.c.1","SE_TRA_GRDL","Proportion of teachers with the minimum required qualifications, by education level and sex (%)","218","Ecuador","2019","67.22527","2019","","","","","UNESCO Institute for Statistics.  Data extracted on 21 February 2024.","","","UPPSEC","C","G","MALE","PERCENT"
"4","4.c","4.c.1","SE_TRA_GRDL","Proportion of teachers with the minimum required qualifications, by education level and sex (%)","218","Ecuador","2019","77.73518","2019","","","","","UNESCO Institute for Statistics.  Data extracted on 21 February 2024.","","","SECOND","C","G","FEMALE","PERCENT"
"4","4.c","4.c.1","SE_TRA_GRDL","Proportion of teachers with the minimum required qualifications, by education level and sex (%)","218","Ecuador","2019","72.96897","2019","","","","","UNESCO Institute for Statistics.  Data extracted on 21 February 2024.","","","LOWSEC","C","G","MALE","PERCENT"
"4","4.c","4.c.1","SE_TRA_GRDL","Proportion of teachers with the minimum required qualifications, by education level and sex (%)","218","Ecuador","2019","71.847","2019","","","","","UNESCO Institute for Statistics.  Data extracted on 21 February 2024.","","","UPPSEC","C","G","BOTHSEX","PERCENT"
"4","4.c","4.c.1","SE_TRA_GRDL","Proportion of teachers with the minimum required qualifications, by education level and sex (%)","218","Ecuador","2019","69.69726","2019","","","","","UNESCO Institute for Statistics.  Data extracted on 21 February 2024.","","","SECOND","C","G","MALE","PERCENT"
"4","4.c","4.c.1","SE_TRA_GRDL","Proportion of teachers with the minimum required qualifications, by education level and sex (%)","218","Ecuador","2020","67.41225","2020","","","","","UNESCO Institute for Statistics.  Data extracted on 21 February 2024.","","","UPPSEC","C","G","MALE","PERCENT"
"4","4.c","4.c.1","SE_TRA_GRDL","Proportion of teachers with the minimum required qualifications, by education level and sex (%)","218","Ecuador","2020","80.25645","2020","","","","","UNESCO Institute for Statistics.  Data extracted on 21 February 2024.","","","LOWSEC","C","G","FEMALE","PERCENT"
"4","4.c","4.c.1","SE_TRA_GRDL","Proportion of teachers with the minimum required qualifications, by education level and sex (%)","218","Ecuador","2020","77.65985","2020","","","","","UNESCO Institute for Statistics.  Data extracted on 21 February 2024.","","","LOWSEC","C","G","BOTHSEX","PERCENT"
"4","4.c","4.c.1","SE_TRA_GRDL","Proportion of teachers with the minimum required qualifications, by education level and sex (%)","218","Ecuador","2020","74.73831","2020","","","","","UNESCO Institute for Statistics.  Data extracted on 21 February 2024.","","","SECOND","C","G","BOTHSEX","PERCENT"
"4","4.c","4.c.1","SE_TRA_GRDL","Proportion of teachers with the minimum required qualifications, by education level and sex (%)","218","Ecuador","2020","76.06471","2020","","","","","UNESCO Institute for Statistics.  Data extracted on 21 February 2024.","","","UPPSEC","C","G","FEMALE","PERCENT"
"4","4.c","4.c.1","SE_TRA_GRDL","Proportion of teachers with the minimum required qualifications, by education level and sex (%)","218","Ecuador","2020","91.15316","2020","","","","","UNESCO Institute for Statistics.  Data extracted on 21 February 2024.","","","PREPRI","C","G","BOTHSEX","PERCENT"
"4","4.c","4.c.1","SE_TRA_GRDL","Proportion of teachers with the minimum required qualifications, by education level and sex (%)","218","Ecuador","2020","91.60104","2020","","","","","UNESCO Institute for Statistics.  Data extracted on 21 February 2024.","","","PREPRI","C","G","FEMALE","PERCENT"
"4","4.c","4.c.1","SE_TRA_GRDL","Proportion of teachers with the minimum required qualifications, by education level and sex (%)","218","Ecuador","2020","73.3944","2020","","","","","UNESCO Institute for Statistics.  Data extracted on 21 February 2024.","","","LOWSEC","C","G","MALE","PERCENT"
"4","4.c","4.c.1","SE_TRA_GRDL","Proportion of teachers with the minimum required qualifications, by education level and sex (%)","218","Ecuador","2020","69.93732","2020","","","","","UNESCO Institute for Statistics.  Data extracted on 21 February 2024.","","","SECOND","C","G","MALE","PERCENT"
"4","4.c","4.c.1","SE_TRA_GRDL","Proportion of teachers with the minimum required qualifications, by education level and sex (%)","218","Ecuador","2020","72.25592","2020","","","","","UNESCO Institute for Statistics.  Data extracted on 21 February 2024.","","","UPPSEC","C","G","BOTHSEX","PERCENT"
"4","4.c","4.c.1","SE_TRA_GRDL","Proportion of teachers with the minimum required qualifications, by education level and sex (%)","218","Ecuador","2020","88.39058","2020","","","","","UNESCO Institute for Statistics.  Data extracted on 21 February 2024.","","","PRIMAR","C","G","BOTHSEX","PERCENT"
"4","4.c","4.c.1","SE_TRA_GRDL","Proportion of teachers with the minimum required qualifications, by education level and sex (%)","218","Ecuador","2020","84.43801","2020","","","","","UNESCO Institute for Statistics.  Data extracted on 21 February 2024.","","","PRIMAR","C","G","MALE","PERCENT"
"4","4.c","4.c.1","SE_TRA_GRDL","Proportion of teachers with the minimum required qualifications, by education level and sex (%)","218","Ecuador","2020","78.09963","2020","","","","","UNESCO Institute for Statistics.  Data extracted on 21 February 2024.","","","SECOND","C","G","FEMALE","PERCENT"
"4","4.c","4.c.1","SE_TRA_GRDL","Proportion of teachers with the minimum required qualifications, by education level and sex (%)","218","Ecuador","2020","81.92269","2020","","","","","UNESCO Institute for Statistics.  Data extracted on 21 February 2024.","","","PREPRI","C","G","MALE","PERCENT"
"4","4.c","4.c.1","SE_TRA_GRDL","Proportion of teachers with the minimum required qualifications, by education level and sex (%)","218","Ecuador","2020","89.48088","2020","","","","","UNESCO Institute for Statistics.  Data extracted on 21 February 2024.","","","PRIMAR","C","G","FEMALE","PERCENT"
"4","4.c","4.c.1","SE_TRA_GRDL","Proportion of teachers with the minimum required qualifications, by education level and sex (%)","218","Ecuador","2021","92.06043","2021","","","","","UNESCO Institute for Statistics.  Data extracted on 21 February 2024.","","","PREPRI","C","G","FEMALE","PERCENT"
"4","4.c","4.c.1","SE_TRA_GRDL","Proportion of teachers with the minimum required qualifications, by education level and sex (%)","218","Ecuador","2021","83.28115","2021","","","","","UNESCO Institute for Statistics.  Data extracted on 21 February 2024.","","","PREPRI","C","G","MALE","PERCENT"
"4","4.c","4.c.1","SE_TRA_GRDL","Proportion of teachers with the minimum required qualifications, by education level and sex (%)","218","Ecuador","2021","91.65284","2021","","","","","UNESCO Institute for Statistics.  Data extracted on 21 February 2024.","","","PREPRI","C","G","BOTHSEX","PERCENT"
"4","4.c","4.c.1","SE_TRA_GRDL","Proportion of teachers with the minimum required qualifications, by education level and sex (%)","218","Ecuador","2021","76.49594","2021","","","","","UNESCO Institute for Statistics.  Data extracted on 21 February 2024.","","","UPPSEC","C","G","FEMALE","PERCENT"
"4","4.c","4.c.1","SE_TRA_GRDL","Proportion of teachers with the minimum required qualifications, by education level and sex (%)","218","Ecuador","2021","75.23674","2021","","","","","UNESCO Institute for Statistics.  Data extracted on 21 February 2024.","","","SECOND","C","G","BOTHSEX","PERCENT"
"4","4.c","4.c.1","SE_TRA_GRDL","Proportion of teachers with the minimum required qualifications, by education level and sex (%)","218","Ecuador","2021","78.34003","2021","","","","","UNESCO Institute for Statistics.  Data extracted on 21 February 2024.","","","LOWSEC","C","G","BOTHSEX","PERCENT"
"4","4.c","4.c.1","SE_TRA_GRDL","Proportion of teachers with the minimum required qualifications, by education level and sex (%)","218","Ecuador","2021","80.90062","2021","","","","","UNESCO Institute for Statistics.  Data extracted on 21 February 2024.","","","LOWSEC","C","G","FEMALE","PERCENT"
"4","4.c","4.c.1","SE_TRA_GRDL","Proportion of teachers with the minimum required qualifications, by education level and sex (%)","218","Ecuador","2021","67.72377","2021","","","","","UNESCO Institute for Statistics.  Data extracted on 21 February 2024.","","","UPPSEC","C","G","MALE","PERCENT"
"4","4.c","4.c.1","SE_TRA_GRDL","Proportion of teachers with the minimum required qualifications, by education level and sex (%)","218","Ecuador","2021","89.87755","2021","","","","","UNESCO Institute for Statistics.  Data extracted on 21 February 2024.","","","PRIMAR","C","G","FEMALE","PERCENT"
"4","4.c","4.c.1","SE_TRA_GRDL","Proportion of teachers with the minimum required qualifications, by education level and sex (%)","218","Ecuador","2021","78.61699","2021","","","","","UNESCO Institute for Statistics.  Data extracted on 21 February 2024.","","","SECOND","C","G","FEMALE","PERCENT"
"4","4.c","4.c.1","SE_TRA_GRDL","Proportion of teachers with the minimum required qualifications, by education level and sex (%)","218","Ecuador","2021","74.09698","2021","","","","","UNESCO Institute for Statistics.  Data extracted on 21 February 2024.","","","LOWSEC","C","G","MALE","PERCENT"
"4","4.c","4.c.1","SE_TRA_GRDL","Proportion of teachers with the minimum required qualifications, by education level and sex (%)","218","Ecuador","2021","84.8352","2021","","","","","UNESCO Institute for Statistics.  Data extracted on 21 February 2024.","","","PRIMAR","C","G","MALE","PERCENT"
"4","4.c","4.c.1","SE_TRA_GRDL","Proportion of teachers with the minimum required qualifications, by education level and sex (%)","218","Ecuador","2021","88.80693","2021","","","","","UNESCO Institute for Statistics.  Data extracted on 21 February 2024.","","","PRIMAR","C","G","BOTHSEX","PERCENT"
"4","4.c","4.c.1","SE_TRA_GRDL","Proportion of teachers with the minimum required qualifications, by education level and sex (%)","218","Ecuador","2021","72.64427","2021","","","","","UNESCO Institute for Statistics.  Data extracted on 21 February 2024.","","","UPPSEC","C","G","BOTHSEX","PERCENT"
"4","4.c","4.c.1","SE_TRA_GRDL","Proportion of teachers with the minimum required qualifications, by education level and sex (%)","218","Ecuador","2021","70.38311","2021","","","","","UNESCO Institute for Statistics.  Data extracted on 21 February 2024.","","","SECOND","C","G","MALE","PERCENT"
"4","4.c","4.c.1","SE_TRA_GRDL","Proportion of teachers with the minimum required qualifications, by education level and sex (%)","218","Ecuador","2022","89.48043","2022","","","","","UNESCO Institute for Statistics.  Data extracted on 21 February 2024.","","","PRIMAR","C","G","BOTHSEX","PERCENT"
"4","4.c","4.c.1","SE_TRA_GRDL","Proportion of teachers with the minimum required qualifications, by education level and sex (%)","218","Ecuador","2022","85.74492","2022","","","","","UNESCO Institute for Statistics.  Data extracted on 21 February 2024.","","","PRIMAR","C","G","MALE","PERCENT"
"4","4.c","4.c.1","SE_TRA_GRDL","Proportion of teachers with the minimum required qualifications, by education level and sex (%)","218","Ecuador","2022","68.68484","2022","","","","","UNESCO Institute for Statistics.  Data extracted on 21 February 2024.","","","UPPSEC","C","G","MALE","PERCENT"
"4","4.c","4.c.1","SE_TRA_GRDL","Proportion of teachers with the minimum required qualifications, by education level and sex (%)","218","Ecuador","2022","81.47726","2022","","","","","UNESCO Institute for Statistics.  Data extracted on 21 February 2024.","","","LOWSEC","C","G","FEMALE","PERCENT"
"4","4.c","4.c.1","SE_TRA_GRDL","Proportion of teachers with the minimum required qualifications, by education level and sex (%)","218","Ecuador","2022","79.1873","2022","","","","","UNESCO Institute for Statistics.  Data extracted on 21 February 2024.","","","LOWSEC","C","G","BOTHSEX","PERCENT"
"4","4.c","4.c.1","SE_TRA_GRDL","Proportion of teachers with the minimum required qualifications, by education level and sex (%)","218","Ecuador","2022","75.94081","2022","","","","","UNESCO Institute for Statistics.  Data extracted on 21 February 2024.","","","SECOND","C","G","BOTHSEX","PERCENT"
"4","4.c","4.c.1","SE_TRA_GRDL","Proportion of teachers with the minimum required qualifications, by education level and sex (%)","218","Ecuador","2022","76.76771","2022","","","","","UNESCO Institute for Statistics.  Data extracted on 21 February 2024.","","","UPPSEC","C","G","FEMALE","PERCENT"
"4","4.c","4.c.1","SE_TRA_GRDL","Proportion of teachers with the minimum required qualifications, by education level and sex (%)","218","Ecuador","2022","92.17751","2022","","","","","UNESCO Institute for Statistics.  Data extracted on 21 February 2024.","","","PREPRI","C","G","BOTHSEX","PERCENT"
"4","4.c","4.c.1","SE_TRA_GRDL","Proportion of teachers with the minimum required qualifications, by education level and sex (%)","218","Ecuador","2022","71.44818","2022","","","","","UNESCO Institute for Statistics.  Data extracted on 21 February 2024.","","","SECOND","C","G","MALE","PERCENT"
"4","4.c","4.c.1","SE_TRA_GRDL","Proportion of teachers with the minimum required qualifications, by education level and sex (%)","218","Ecuador","2022","73.24332","2022","","","","","UNESCO Institute for Statistics.  Data extracted on 21 February 2024.","","","UPPSEC","C","G","BOTHSEX","PERCENT"
"4","4.c","4.c.1","SE_TRA_GRDL","Proportion of teachers with the minimum required qualifications, by education level and sex (%)","218","Ecuador","2022","83.84257","2022","","","","","UNESCO Institute for Statistics.  Data extracted on 21 February 2024.","","","PREPRI","C","G","MALE","PERCENT"
"4","4.c","4.c.1","SE_TRA_GRDL","Proportion of teachers with the minimum required qualifications, by education level and sex (%)","218","Ecuador","2022","92.56496","2022","","","","","UNESCO Institute for Statistics.  Data extracted on 21 February 2024.","","","PREPRI","C","G","FEMALE","PERCENT"
"4","4.c","4.c.1","SE_TRA_GRDL","Proportion of teachers with the minimum required qualifications, by education level and sex (%)","218","Ecuador","2022","75.33951","2022","","","","","UNESCO Institute for Statistics.  Data extracted on 21 February 2024.","","","LOWSEC","C","G","MALE","PERCENT"
"4","4.c","4.c.1","SE_TRA_GRDL","Proportion of teachers with the minimum required qualifications, by education level and sex (%)","218","Ecuador","2022","79.03038","2022","","","","","UNESCO Institute for Statistics.  Data extracted on 21 February 2024.","","","SECOND","C","G","FEMALE","PERCENT"
"4","4.c","4.c.1","SE_TRA_GRDL","Proportion of teachers with the minimum required qualifications, by education level and sex (%)","218","Ecuador","2022","90.47899","2022","","","","","UNESCO Institute for Statistics.  Data extracted on 21 February 2024.","","","PRIMAR","C","G","FEMALE","PERCENT"
                                                                                                                                                                                                                                                                                                                                                                                                                                                                                                                                                                                                                                                                                                                                                                                                                                                                                                                                                                                                                                                                                                                                                                                                                                                                                                                                                                                                                                                                                                                                                                                                                                                                                                                                                                                                                                                                                                                                                                                                                                                                                                                                                                                                                                                                                                                                                                                                                                                                                                                                                                                                                                                                                                                                                                                                                                                                                                                                                                                                                                                                                                                                                                                                                                                                                                                                                                                                                                                                                                                                                                                                                                                                                                                                                                                                                                                                                                                                                                                                                                                                                                                                                                                                                                                                                                                                                                                                                                                                                                                                                                                                                                                                                                                                                                                                                                                                                                                                                                                                                                                                                                                                                                                                                                                                                                                                                                                                                                                                                                                                                                                                                                                                                                                                                                                                                                                                                                                                                                                                                                                                                                                                                                                                                                                                                                                                                                                                                                                                                                                                                                                                                                                                                                                                                                                                                                                                                                                                                                                                                                                                                                                                                                                                                                                                                                                                                                                                                                                                                                                                                                                                                                                                                                                                                                                                                                                                                                                                                                                                                                                                                                                                                                                                                                                                                                                                                                                                                                                                                                                                                                                                                                                                                                                                                                                                                                                                                                                                                                                                                                                                                                                                                                                                                                                                                                                                                                                                                                                                                                                                                                                                                                                                                                                                                                                                                                                                                                                                                                                                                                                                                                                                                                                                                                                                                                                                                                                                                                                                                                                                                                                                                                                                                                                                                                                                                                                                                                                                                                                                                                                                                                                                                                                                                                                                                                                                                                                                                                                                                                                                                                                                                                                                                                                                                                                                                                                                                                                                                                                                                                                                                                                                                                                                                                                                                                                                                                                                                                                                                                                                                                                                                                                                                                                                                                                                                                                                                                                                                                                                                                                                                                                                                               